creationTime,productColor,productSize
2020-12-29 17:53:48,深蓝色套装,80/36B
2020-11-06 13:19:08,深蓝色套装,80/36B
2020-08-26 13:23:30,深蓝色套装,80/36B
2020-11-05 17:24:32,深蓝色套装,80/36B
2020-06-15 13:54:03,深蓝色套装,80/36B
2020-11-18 11:49:28,深蓝色套装,80/36B
2020-11-11 13:58:21,深蓝色套装,80/36B
2020-09-29 16:59:45,深蓝色套装,80/36B
2020-11-03 14:29:51,深蓝色套装,80/36B
2020-10-10 11:58:12,深蓝色套装,80/36B
2020-12-02 09:19:01,深蓝色套装,80/36B
2020-10-10 11:47:03,深蓝色套装,80/36B
2020-11-01 18:36:10,深蓝色套装,80/36B
2020-08-23 17:11:58,深蓝色套装,80/36B
2020-10-13 15:01:45,深蓝色套装,80/36B
2020-10-26 17:56:40,深蓝色套装,80/36B
2020-06-02 13:32:32,深蓝色套装,80/36B
2020-10-10 11:51:13,深蓝色套装,80/36B
2020-10-10 11:54:03,深蓝色套装,80/36B
2020-10-24 16:56:15,深蓝色套装,80/36B
2021-01-05 16:41:50,绿色--(套装),34/75A
2021-01-02 09:54:00,绿色--(套装),34/75A
2021-01-05 16:58:29,绿色--(套装),34/75A
2021-01-21 15:02:08,绿色--(套装),34/75A
2021-01-18 10:31:01,绿色--(套装),34/75A
2021-01-18 10:26:26,绿色--(套装),34/75A
2020-12-31 17:48:36,绿色--(套装),34/75A
2021-01-04 09:20:27,绿色--(套装),34/75A
2021-01-20 09:38:56,绿色--(套装),34/75A
2020-12-10 09:16:14,绿色--(套装),34/75A
2020-07-18 23:38:01,粉色,36/80B
2020-07-19 08:54:22,绿色,36/80B
2020-07-08 22:31:45,黑色,36/80C
2019-11-15 21:26:04,正红,36/80B杯
2020-09-29 17:42:02,黑色,34/75A
2020-06-26 18:40:53,肤色,34/75A
2020-08-19 01:21:34,正红,34/75B
2020-08-12 13:25:39,粉色,34/75A
2019-11-25 21:25:44,灰色,36/80B杯
2020-05-26 09:39:18,绿色,38/85C
2020-12-16 21:02:03,蕾丝美背-焦糖+浅绿,M(均码)
2020-01-19 12:44:15,冰灰色+水粉色,均码
2020-06-24 08:28:11,冰灰色+水粉色,M(均码)
2020-01-21 19:59:57,冰灰色+水粉色,均码
2020-12-29 21:03:02,蕾丝美背-浅粉+冰灰,M(均码)
2020-10-14 16:14:38,蕾丝美背-浅粉+冰灰,M(均码)
2020-11-05 15:29:48,蕾丝美背-浅粉+冰灰,M(均码)
2020-10-15 16:12:13,蕾丝美背-浅粉+冰灰,M(均码)
2020-10-26 12:22:43,蕾丝美背-浅粉+冰灰,M(均码)
2020-07-18 13:30:08,冰灰色+水粉色,M(均码)
2020-06-28 15:18:49,冰灰色+水粉色,M(均码)
2020-12-09 19:33:31,蕾丝美背-浅粉+冰灰,M(均码)
2020-11-20 20:26:38,蕾丝美背-焦糖+浅绿,M(均码)
2020-12-30 18:55:35,蕾丝美背-焦糖+浅绿,M(均码)
2020-12-31 13:29:30,蕾丝美背-浅粉+冰灰,M(均码)
2020-08-08 12:35:37,冰灰色+水粉色,M(均码)
2020-11-12 10:25:49,蕾丝美背-浅粉+冰灰,M(均码)
2020-06-23 14:48:22,冰灰色+水粉色,M(均码)
2020-10-20 18:43:29,蕾丝美背-浅粉+冰灰,M(均码)
2021-01-18 19:14:16,蕾丝美背-浅粉+冰灰,M(均码)
2020-05-01 19:31:22,冰灰色+水粉色,M(均码)
2020-06-01 19:46:24,冰灰色+水粉色,M(均码)
2020-07-23 18:36:49,冰灰色+水粉色,M(均码)
2020-08-17 11:58:27,冰灰色+水粉色,M(均码)
2020-11-13 16:34:02,蕾丝美背-浅粉+冰灰,M(均码)
2020-04-26 21:29:01,冰灰色+水粉色,M(均码)
2020-06-23 19:17:07,冰灰色+水粉色,M(均码)
2020-10-08 11:55:03,冰灰色+水粉色,M(均码)
2020-05-18 20:58:58,冰灰色+水粉色,M(均码)
2020-05-20 12:20:15,冰灰色+水粉色,M(均码)
2020-07-21 13:00:32,焦糖色+抹茶绿,M(均码)
2020-11-25 10:28:28,蕾丝美背-浅粉+冰灰,M(均码)
2020-10-15 20:51:01,蕾丝美背-浅粉+冰灰,M(均码)
2020-07-07 08:41:18,焦糖色+抹茶绿,M(均码)
2020-11-12 09:11:13,蕾丝美背-焦糖+浅绿,M(均码)
2020-09-25 05:55:21,冰灰色+水粉色,M(均码)
2020-12-30 15:11:43,蕾丝美背-浅粉+冰灰,M(均码)
2020-09-08 15:00:41,冰灰色+水粉色,M(均码)
2020-06-14 23:27:47,冰灰色+水粉色,M(均码)
2020-09-24 23:32:10,冰灰色+水粉色,M(均码)
2020-11-09 13:15:40,【V领款】裸感肤,均码
2020-12-14 16:23:30,【V领款】大提琴色,均码
2021-01-11 22:58:47,【V领小浪花礼盒】红色文胸+内裤,均码
2020-12-13 21:57:37,【V领款】裸感肤,均码
2020-11-19 12:09:46,【V领款】大提琴色,均码
2020-12-13 15:47:35,【V领款】大提琴色,均码
2020-12-19 13:06:50,【V领款】蜜桃茶,均码
2020-08-20 00:24:27,兰花烟,均码
2020-09-30 11:36:32,裸感肤,均码
2021-01-04 21:05:14,【V领小浪花礼盒】红色文胸+内裤,均码
2019-12-23 19:18:41,黑色,均码
2019-12-23 19:20:14,酒红色,均码
2020-11-14 17:39:57,灰粉色,均码
2020-11-14 17:38:02,粉末蓝,均码
2020-11-26 07:39:27,黑色,均码
2020-10-13 21:46:17,肤色,均码
2020-11-15 14:56:34,黑色,均码
2020-08-13 19:39:21,黑色,均码
2020-11-21 15:07:26,灰粉色,均码
2020-06-29 17:59:17,灰粉色,均码
2020-07-09 13:00:02,黑色,均码
2020-10-13 21:43:24,白色,均码
2020-11-18 12:57:02,灰粉色,均码
2020-05-29 14:45:39,灰粉色,均码
2021-01-04 00:09:21,蜜桃茶,均码
2020-07-20 10:17:00,黑色,均码
2020-11-14 17:35:06,藕粉色,均码
2020-11-21 16:14:10,蜜桃茶,均码
2020-11-18 13:09:12,粉末蓝,均码
2020-09-11 13:49:37,黑色,均码
2020-10-14 20:46:10,黑色,均码
2020-06-28 16:56:32,肤色,均码
2021-01-13 20:21:51,黑色,均码
2021-01-18 11:38:56,灰粉色,均码
2020-08-15 10:31:53,黑色,均码
2020-09-02 22:02:53,黑色,均码
2020-04-09 14:17:04,粉末蓝,均码
2021-01-08 00:29:38,裸感肤,均码
2020-06-20 11:20:19,白色,均码
2020-11-16 15:38:14,黑色,均码
2020-04-03 20:31:04,灰粉色,均码
2020-03-18 22:47:47,黑色,均码
2020-11-25 09:36:21,灰粉色,均码
2020-12-30 09:27:52,黑色,均码
2020-05-15 09:52:03,灰粉色,均码
2020-12-13 22:42:12,蜜桃茶,均码
2021-01-09 16:54:35,裸感肤,均码
2020-06-16 11:31:29,黑色,均码
2020-11-22 16:24:56,黑色,均码
2020-06-18 19:37:07,黑色,均码
2020-06-27 15:05:56,两件装【黑色_肤色】,75B=34B(常规)
2020-06-28 16:20:42,两件装【黑色_肤色】,75B=34B(常规)
2020-06-25 15:05:39,两件装【黑色_肤色】,75B=34B(常规)
2020-06-29 15:29:29,两件装【黑色_肤色】,75B=34B(常规)
2020-02-02 19:45:35,两件装【黑色_肤色】,75A=34A
2020-06-28 15:50:07,两件装【黑色_肤色】,75B=34B(常规)
2020-06-26 15:09:26,两件装【黑色_肤色】,75B=34B(常规)
2020-07-15 15:01:34,两件装【黑色_肤色】,75B=34B(常规)
2020-06-27 13:53:11,两件装【黑色_肤色】,75B=34B(常规)
2020-06-22 15:50:07,两件装【黑色_肤色】,75B=34B(常规)
2020-06-23 14:32:29,两件装【黑色_肤色】,75B=34B(常规)
2020-06-30 15:22:39,两件装【黑色_肤色】,75B=34B(常规)
2020-06-23 14:37:32,两件装【黑色_肤色】,75B=34B(常规)
2020-02-02 19:57:36,两件装【黑色_肤色】,75A=34A
2020-06-22 15:54:45,两件装【黑色_肤色】,75B=34B(常规)
2020-06-25 14:33:17,两件装【黑色_肤色】,75B=34B(常规)
2020-07-15 14:07:08,两件装【黑色_肤色】,75B=34B(常规)
2020-06-24 15:36:34,两件装【黑色_肤色】,75B=34B(常规)
2020-07-05 15:17:57,两件装【黑色_肤色】,75B=34B(常规)
2020-07-10 13:54:28,两件装【黑色_肤色】,75B=34B(常规)
2020-07-08 11:43:51,两件装【黑色_肤色】,75B=34B(常规)
2020-07-09 15:56:33,两件装【黑色_肤色】,75B=34B(常规)
2020-06-28 15:41:13,两件装【黑色_肤色】,75B=34B(常规)
2020-06-30 15:25:08,两件装【黑色_肤色】,75B=34B(常规)
2020-06-27 14:39:43,两件装【黑色_肤色】,75B=34B(常规)
2020-06-30 15:56:44,两件装【黑色_肤色】,75B=34B(常规)
2020-07-12 14:43:09,两件装【黑色_肤色】,75B=34B(常规)
2020-07-06 15:32:28,两件装【黑色_肤色】,75B=34B(常规)
2020-06-25 15:43:16,两件装【黑色_肤色】,75B=34B(常规)
2020-06-24 16:11:20,两件装【黑色_肤色】,75B=34B(常规)
2020-06-23 14:46:56,两件装【黑色_肤色】,75B=34B(常规)
2020-07-01 15:25:47,两件装【黑色_肤色】,75B=34B(常规)
2020-06-26 15:14:10,两件装【黑色_肤色】,75B=34B(常规)
2020-06-23 15:50:38,两件装【黑色_肤色】,75B=34B(常规)
2020-07-05 14:47:02,两件装【黑色_肤色】,75B=34B(常规)
2020-06-23 14:50:39,两件装【黑色_肤色】,75B=34B(常规)
2020-07-09 15:02:51,两件装【黑色_肤色】,75B=34B(常规)
2020-06-22 15:32:22,两件装【黑色_肤色】,75B=34B(常规)
2020-06-30 14:42:41,两件装【黑色_肤色】,75B=34B(常规)
2020-07-12 12:56:53,两件装【黑色_肤色】,75B=34B(常规)
2020-07-12 15:04:22,两件装【黑色_肤色】,75B=34B(常规)
2020-07-10 11:06:47,两件装【黑色_肤色】,75B=34B(常规)
2020-07-07 15:46:11,两件装【黑色_肤色】,75B=34B(常规)
2020-09-11 09:31:39,两件装【黑色_肤色】,75B=34B(常规)
2020-06-24 15:20:34,两件装【黑色_肤色】,75B=34B(常规)
2020-06-28 16:09:38,两件装【黑色_肤色】,75B=34B(常规)
2020-07-14 16:17:47,两件装【黑色_肤色】,75B=34B(常规)
2020-06-24 15:41:57,两件装【黑色_肤色】,75B=34B(常规)
2020-07-07 15:06:10,两件装【黑色_肤色】,75B=34B(常规)
2020-07-01 16:15:11,两件装【黑色_肤色】,75B=34B(常规)
2020-06-29 15:41:41,两件装【黑色_肤色】,75B=34B(常规)
2020-07-06 14:13:18,两件装【黑色_肤色】,75B=34B(常规)
2020-05-30 15:48:29,两件装【肤色_灰蓝】,85B=38B(常规)
2020-06-22 09:31:18,两件装【黑色_肤色】,75B=34B(常规)
2020-06-27 14:14:45,两件装【黑色_肤色】,75B=34B(常规)
2020-07-05 15:23:55,两件装【黑色_肤色】,75B=34B(常规)
2020-06-23 15:00:50,两件装【黑色_肤色】,75B=34B(常规)
2020-08-11 16:30:24,两件装【黑色_肤色】,70B=32B(常规)
2020-06-26 16:01:29,两件装【黑色_肤色】,75B=34B(常规)
2020-06-29 15:02:13,两件装【黑色_肤色】,75B=34B(常规)
2020-06-27 14:19:09,两件装【黑色_肤色】,75B=34B(常规)
2020-06-27 15:42:23,两件装【黑色_肤色】,75B=34B(常规)
2020-06-25 16:08:47,两件装【黑色_肤色】,75B=34B(常规)
2020-07-09 15:40:53,两件装【黑色_肤色】,75B=34B(常规)
2020-07-14 16:42:52,两件装【黑色_肤色】,75B=34B(常规)
2020-06-26 14:24:25,两件装【黑色_肤色】,75B=34B(常规)
2020-06-25 15:53:16,两件装【黑色_肤色】,75B=34B(常规)
2020-06-29 15:07:27,两件装【黑色_肤色】,75B=34B(常规)
2020-07-06 15:32:07,两件装【黑色_肤色】,75B=34B(常规)
2020-07-12 14:58:13,两件装【黑色_肤色】,75B=34B(常规)
2020-10-14 11:58:09,粉色,75B
2020-10-10 11:50:34,粉色,75B
2021-01-12 09:40:29,红色,34/75A
2020-11-12 18:07:08,粉色,75B
2020-09-06 18:36:37,粉色,75B
2021-01-05 16:41:52,红色,34/75A
2020-08-23 17:33:28,粉色,75B
2020-10-10 14:50:14,粉色,75B
2020-10-23 17:47:18,粉色,75B
2020-10-10 11:54:06,粉色,75B
2020-11-07 14:05:00,粉色,75B
2020-10-06 15:48:37,粉色,75B
2020-10-24 16:56:14,粉色,75B
2020-10-24 16:27:51,粉色,75B
2020-10-02 17:07:54,粉色,75B
2020-08-24 13:28:54,粉色,75B
2020-10-09 09:45:23,粉色,75B
2020-09-29 17:17:08,粉色,75B
2020-11-07 15:00:41,粉色,75B
2020-11-08 13:58:55,粉色,75B
2020-08-12 18:15:03,桃皮粉色,B75
2019-11-29 10:19:33,桃皮粉色,B75
2021-01-17 19:03:01,桃皮粉色,B80
2020-01-12 23:00:30,桃皮粉色,B80
2020-11-18 13:06:05,红色,A70
2019-11-08 18:51:45,桃皮粉色,B80
2020-11-11 18:36:56,红色,A75
2021-01-02 09:43:46,桃皮粉色,A80
2020-10-20 18:54:32,红色,B75
2020-12-16 08:22:47,红色,B75
2020-11-04 20:04:06,桃皮粉色,A70
2019-12-28 13:20:27,桃皮粉色,C75
2020-08-23 12:06:57,红色,C80
2021-01-02 00:08:10,红色,A80
2020-12-07 21:30:41,红色,B80
2019-11-10 11:27:39,红色,B75
2019-03-09 21:08:09,桃皮粉色,B75
2020-04-06 15:11:31,桃皮粉色,C75
2020-11-15 09:56:58,桃皮粉色,B80
2020-11-12 06:33:14,红色,B80
2021-01-15 14:37:24,红色,70C=32C(配内裤)
2021-01-15 14:41:16,红色,70C=32C(配内裤)
2021-01-15 14:34:29,红色,70C=32C(配内裤)
2021-01-15 14:39:12,红色,70C=32C(配内裤)
2021-01-15 14:35:52,红色,70C=32C(配内裤)
2020-12-19 18:22:16,红色,70C=32C(配内裤)
2021-01-11 00:10:47,红色,70C=32C(配内裤)
2020-12-31 16:54:56,红色,70C=32C(配内裤)
2021-01-22 15:04:41,红色,70C=32C(配内裤)
2021-01-02 17:23:18,红色,70C=32C(配内裤)
2020-12-22 13:12:19,红色,70C=32C(配内裤)
2021-01-09 22:05:19,红色,70C=32C(配内裤)
2021-01-04 16:39:38,红色,70C=32C(配内裤)
2020-12-28 20:30:44,红色,70C=32C(配内裤)
2021-01-21 16:22:25,红色,70C=32C(配内裤)
2021-01-17 23:38:41,红色,70C=32C(配内裤)
2020-12-29 22:29:45,红色,70C=32C(配内裤)
2021-01-21 19:56:44,红色,70C=32C(配内裤)
2020-12-27 19:34:32,红色,70C=32C(配内裤)
2020-12-31 17:16:55,红色,70C=32C(配内裤)
2020-12-28 19:21:16,红色,70C=32C(配内裤)
2021-01-17 23:35:19,红色,70C=32C(配内裤)
2020-12-22 12:58:49,红色,70C=32C(配内裤)
2021-01-04 16:57:45,红色,70C=32C(配内裤)
2020-12-23 23:25:27,红色,70C=32C(配内裤)
2021-01-04 16:45:01,红色,70C=32C(配内裤)
2020-12-26 18:16:43,红色,70C=32C(配内裤)
2021-01-14 22:17:06,红色,70C=32C(配内裤)
2021-01-21 16:37:50,红色,70C=32C(配内裤)
2020-12-25 20:50:12,红色,70C=32C(配内裤)
2020-12-30 23:34:45,红色,70C=32C(配内裤)
2020-12-19 16:58:17,红色,70C=32C(配内裤)
2020-12-22 17:02:00,红色,70C=32C(配内裤)
2021-01-07 21:10:18,红色,70C=32C(配内裤)
2021-01-07 21:31:10,红色,70C=32C(配内裤)
2021-01-07 22:14:58,红色,70C=32C(配内裤)
2020-12-21 19:21:09,红色,70C=32C(配内裤)
2020-12-29 22:43:13,红色,70C=32C(配内裤)
2020-12-19 17:09:53,红色,70C=32C(配内裤)
2021-01-21 16:47:49,红色,70C=32C(配内裤)
2021-01-09 22:50:37,红色,70C=32C(配内裤)
2021-01-02 19:04:07,红色,70C=32C(配内裤)
2021-01-06 21:48:59,红色,70C=32C(配内裤)
2020-12-26 17:52:02,红色,70C=32C(配内裤)
2021-01-20 23:20:42,红色,70C=32C(配内裤)
2020-12-26 18:27:53,红色,70C=32C(配内裤)
2020-12-29 21:55:20,红色,70C=32C(配内裤)
2021-01-04 18:01:31,红色,70C=32C(配内裤)
2021-01-05 18:05:24,红色,70C=32C(配内裤)
2020-12-27 18:05:15,红色,70C=32C(配内裤)
2020-12-24 00:53:22,红色,70C=32C(配内裤)
2021-01-06 22:00:08,红色,70C=32C(配内裤)
2021-01-20 23:11:25,红色,70C=32C(配内裤)
2021-01-03 22:31:40,红色,70C=32C(配内裤)
2021-01-04 18:42:30,红色,70C=32C(配内裤)
2020-12-28 20:26:36,红色,70C=32C(配内裤)
2020-12-28 19:27:16,红色,70C=32C(配内裤)
2020-12-28 20:03:24,红色,70C=32C(配内裤)
2020-12-25 20:36:45,红色,70C=32C(配内裤)
2020-12-23 23:35:52,红色,70C=32C(配内裤)
2021-01-12 23:40:31,红色,70C=32C(配内裤)
2021-01-11 01:06:42,红色,70C=32C(配内裤)
2020-12-29 21:52:32,红色,70C=32C(配内裤)
2021-01-16 00:27:14,红色,70C=32C(配内裤)
2020-12-27 22:38:43,红色,70C=32C(配内裤)
2020-12-31 15:21:11,红色,70C=32C(配内裤)
2021-01-23 23:50:53,红色,70C=32C(配内裤)
2020-12-26 18:07:06,红色,70C=32C(配内裤)
2020-12-24 18:28:49,红色,70C=32C(配内裤)
2020-12-25 22:16:26,红色,70C=32C(配内裤)
2021-01-23 23:51:38,红色,70C=32C(配内裤)
2020-12-22 13:59:45,红色,70C=32C(配内裤)
2021-01-16 22:28:34,红色,70C=32C(配内裤)
2021-01-22 17:30:42,红色,70C=32C(配内裤)
2020-12-27 16:46:20,红色,70C=32C(配内裤)
2020-12-31 15:40:48,红色,70C=32C(配内裤)
2020-12-31 13:34:38,红色,70C=32C(配内裤)
2021-01-23 23:41:31,红色,70C=32C(配内裤)
2021-01-16 21:29:29,红色,70C=32C(配内裤)
2021-01-02 20:41:22,红色,70C=32C(配内裤)
2021-01-04 19:28:24,红色,70C=32C(配内裤)
2020-12-24 10:29:20,红色,70C=32C(配内裤)
2020-12-22 21:33:33,红色,70C=32C(配内裤)
2021-01-04 18:33:46,红色,70C=32C(配内裤)
2021-01-19 00:39:56,红色,70C=32C(配内裤)
2020-12-31 09:50:23,红色,70C=32C(配内裤)
2020-12-22 17:09:52,红色,70C=32C(配内裤)
2021-01-08 19:40:47,红色,70C=32C(配内裤)
2020-12-22 17:28:02,红色,70C=32C(配内裤)
2021-01-20 00:45:20,红色,70C=32C(配内裤)
2019-11-16 18:04:21,黑色,XL
2019-10-21 20:04:14,黑色,XL
2019-12-22 08:31:20,灰色,XL
2020-04-25 22:45:16,肤色,XL
2019-10-21 20:06:23,肤色,XL
2020-11-15 16:24:00,肤色,M
2020-06-25 00:08:21,灰色,L
2020-10-29 23:20:09,肤色,XL
2019-07-17 09:46:37,灰色,L
2019-07-13 16:57:25,肤色,XL
2020-11-22 23:36:52,肤色,M
2019-12-26 00:35:47,肤色,XL
2020-09-06 23:11:52,肤色,L
2020-11-10 22:56:21,肤色,L
2020-10-29 23:23:18,黑色,XL
2020-06-28 15:23:19,肤色,L
2019-07-02 17:02:57,肤色,XL
2020-02-27 08:38:53,肤色,L
2020-07-20 21:21:01,黑色,M
2020-07-20 21:13:44,黑色,L
2019-12-28 11:15:45,肤色,XL
2019-09-17 11:15:57,肤色,M
2020-11-12 12:20:49,黑色,XL
2020-04-30 11:09:00,肤色,L
2020-03-21 09:38:51,肤色,XL
2020-06-23 14:44:20,肤色,XL
2020-05-06 21:33:21,肤色,XL
2020-05-01 13:00:30,灰色,L
2020-03-09 18:04:45,肤色,XL
2019-10-27 08:27:18,黑色,L
2019-07-13 16:42:02,肤色,XL
2020-09-28 10:16:54,肤色,XL
2020-09-08 22:43:25,灰色,M
2020-05-06 22:37:51,肤色,XL
2020-06-04 22:57:09,灰色,L
2020-09-07 11:51:14,灰色,L
2020-05-22 15:53:01,黑色,M
2020-07-14 09:26:58,肤色,XL
2019-12-23 19:46:23,肤色,L
2020-09-10 19:16:33,黑色,XL
2020-12-23 19:31:47,肤色,L
2020-06-07 17:15:11,肤色,L
2020-05-19 12:38:55,肤色,L
2020-06-11 10:43:13,黑色,M
2020-11-03 15:34:45,黑色,M
2020-06-04 14:59:44,黑色,L
2020-11-09 21:51:03,肤色,M
2020-12-15 23:36:51,肤色,XL
2020-12-22 16:25:56,肤色,XL
2020-08-11 17:26:21,肤色,L
2020-06-11 19:31:39,黑色,M
2020-10-09 13:13:03,肤色,L
2019-10-16 18:34:07,灰色,XL
2020-11-19 19:58:28,肤色,XL
2020-04-23 09:14:16,肤色,XL
2020-01-20 08:41:21,肤色,L
2020-12-30 08:47:46,肤色,XL
2020-03-17 16:20:26,灰色,M
2020-04-23 09:08:30,黑色,XL
2020-09-15 00:24:45,肤色,L
2020-06-04 12:26:44,肤色,XL
2020-09-23 18:32:44,灰色,M
2020-02-06 14:05:24,肤色,M
2020-06-20 23:51:11,肤色,M
2020-09-10 19:24:48,肤色,XL
2020-11-26 12:02:51,黑色,L
2020-09-05 22:50:24,肤色,M
2020-06-09 18:12:02,灰色,L
2020-06-06 09:21:30,肤色,L
2020-06-04 15:04:03,肤色,L
2020-04-06 17:06:24,黑色,XL
2020-06-07 11:11:07,黑色,M
2020-05-07 20:29:30,肤色,XL
2020-05-05 12:48:03,肤色,L
2019-07-02 16:45:08,灰色,XL
2020-04-25 11:33:15,黑色,L
2020-05-06 19:15:08,肤色,L
2019-08-21 20:33:22,灰色,XL
2020-12-29 10:12:05,肤色,XL
2019-11-20 20:06:48,肤色,XL
2020-10-29 23:23:04,灰色,XL
2020-10-26 21:32:38,肤色,L
2020-10-26 20:34:44,肤色,L
2020-01-12 08:26:30,肤色,XL
2020-05-04 12:41:29,肤色,XL
2020-05-12 20:43:48,灰色,L
2020-03-23 23:14:09,肤色,M
2020-09-11 08:47:49,黑色,L
2020-07-15 16:33:58,灰色,L
2019-07-17 10:20:28,肤色,M
2020-05-06 20:44:59,肤色,M
2019-12-21 20:21:46,黑色,L
2020-04-06 20:14:16,黑色,XL
2019-07-30 17:54:20,肤色,L
2019-09-02 22:55:40,肤色,XL
2020-05-26 23:39:58,黑色,L
2020-05-12 20:49:42,肤色,L
2020-07-05 17:53:13,肤色,L
2020-06-05 17:42:41,灰色,L
2019-09-06 18:00:05,黑色,M
2020-06-07 09:39:11,肤色,L
2020-05-26 23:30:07,肤色,L
2020-10-02 11:45:37,肤色,L
2020-06-23 08:01:29,肤色,XL
2020-03-04 20:09:20,肤色,L
2020-11-10 17:40:39,肤色,XL
2020-06-03 18:56:18,肤色,XL
2020-03-04 14:37:25,肤色,M
2019-11-19 22:15:54,肤色,M
2020-11-11 09:54:00,灰色,L
2021-01-19 21:48:36,浅绿套装,34/75B(上薄下厚)
2020-12-30 19:15:25,浅绿套装,34/75B(上薄下厚)
2020-12-30 19:06:18,浅绿套装,34/75B(上薄下厚)
2021-01-19 22:02:45,浅绿套装,34/75B(上薄下厚)
2020-12-30 19:56:08,浅绿套装,34/75B(上薄下厚)
2020-12-31 22:14:22,浅绿套装,34/75B(上薄下厚)
2021-01-19 22:16:48,浅绿套装,34/75B(上薄下厚)
2020-12-30 19:25:39,浅绿套装,34/75B(上薄下厚)
2020-12-31 22:31:45,浅绿套装,34/75B(上薄下厚)
2020-12-31 22:45:56,浅绿套装,34/75B(上薄下厚)
2020-12-31 22:56:32,浅绿套装,34/75B(上薄下厚)
2020-12-31 23:05:01,浅绿套装,34/75B(上薄下厚)
2021-01-19 22:49:43,浅绿套装,34/75B(上薄下厚)
2020-12-31 23:12:29,浅绿套装,34/75B(上薄下厚)
2021-01-19 23:02:59,浅绿套装,34/75B(上薄下厚)
2020-12-31 22:43:10,浅绿套装,34/75B(上薄下厚)
2021-01-19 23:11:48,浅绿套装,34/75B(上薄下厚)
2021-01-19 22:29:53,浅绿套装,34/75B(上薄下厚)
2021-01-02 18:53:47,浅绿套装,34/75B(上薄下厚)
2021-01-05 19:51:11,浅绿套装,34/75B(上薄下厚)
2021-01-02 19:04:13,浅绿套装,34/75B(上薄下厚)
2021-01-20 00:01:23,浅绿套装,34/75B(上薄下厚)
2021-01-19 23:51:26,浅绿套装,34/75B(上薄下厚)
2021-01-05 23:01:47,浅绿套装,34/75B(上薄下厚)
2021-01-20 00:11:12,浅绿套装,34/75B(上薄下厚)
2021-01-20 00:24:36,浅绿套装,34/75B(上薄下厚)
2021-01-02 19:31:38,浅绿套装,34/75B(上薄下厚)
2021-01-02 19:50:20,浅绿套装,34/75B(上薄下厚)
2020-12-31 23:51:59,浅绿套装,34/75B(上薄下厚)
2021-01-02 19:42:00,浅绿套装,34/75B(上薄下厚)
2021-01-03 18:42:36,浅绿套装,34/75B(上薄下厚)
2020-12-30 18:14:07,浅绿套装,34/75B(上薄下厚)
2021-01-02 20:06:11,浅绿套装,34/75B(上薄下厚)
2021-01-20 00:40:19,浅绿套装,34/75B(上薄下厚)
2021-01-21 17:23:37,浅绿套装,34/75B(上薄下厚)
2021-01-02 20:27:02,浅绿套装,34/75B(上薄下厚)
2020-12-30 19:19:45,浅绿套装,34/75B(上薄下厚)
2021-01-06 19:30:12,浅绿套装,34/75B(上薄下厚)
2021-01-02 19:17:56,浅绿套装,34/75B(上薄下厚)
2021-01-21 17:45:31,浅绿套装,34/75B(上薄下厚)
2021-01-03 19:04:26,浅绿套装,34/75B(上薄下厚)
2021-01-21 18:21:42,浅绿套装,34/75B(上薄下厚)
2021-01-06 20:13:47,浅绿套装,34/75B(上薄下厚)
2021-01-21 18:09:34,浅绿套装,34/75B(上薄下厚)
2021-01-21 19:18:42,浅绿套装,34/75B(上薄下厚)
2021-01-04 19:01:46,浅绿套装,34/75B(上薄下厚)
2021-01-02 20:14:35,浅绿套装,34/75B(上薄下厚)
2020-12-30 18:22:20,浅绿套装,34/75B(上薄下厚)
2021-01-04 19:27:52,浅绿套装,34/75B(上薄下厚)
2021-01-21 19:28:33,浅绿套装,34/75B(上薄下厚)
2020-04-23 16:39:39,绿色, AB同杯80/36
2020-06-08 22:46:55,绿色,AB同杯75/34
2020-01-13 20:33:05,黑色文胸+内裤,80C/36
2020-02-22 12:05:54,绿色, 90C/40
2019-12-13 09:28:47,黑色,AB同杯75/34
2020-12-29 17:10:18,玫红, AB同杯80/36
2020-12-21 23:53:35,绿色,AB同杯85/38
2020-03-09 15:11:28,绿色,AB同杯75/34
2020-03-27 14:24:38,绿色, AB同杯80/36
2021-01-05 21:31:42,绿色, 85C/38
2020-09-10 19:23:48,绿色, AB同杯80/36
2020-02-10 22:12:32,大红, 85C/38
2020-03-14 10:19:11,玫红文胸+内裤,95C/42
2020-03-19 15:41:36,绿色, 85C/38
2019-09-15 09:49:14,绿色, AB同杯80/36
2019-09-22 09:58:38,绿色, AB同杯80/36
2020-06-06 12:27:04,绿色, AB同杯80/36
2020-08-24 08:44:48,绿色, AB同杯80/36
2020-06-02 12:45:07,绿色, AB同杯80/36
2020-03-22 10:00:18,绿色,AB同杯75/34
2019-09-23 18:36:10,绿色, AB同杯80/36
2020-06-06 12:39:13,绿色, AB同杯80/36
2020-08-24 15:43:13,绿色, AB同杯80/36
2020-06-06 13:14:46,绿色, AB同杯80/36
2020-05-06 14:57:59,绿色,AB同杯75/34
2019-09-16 13:10:28,绿色, AB同杯80/36
2020-06-07 12:04:19,绿色, AB同杯80/36
2020-08-14 14:21:47,绿色, AB同杯80/36
2019-09-17 14:20:09,绿色, AB同杯80/36
2019-09-15 09:46:27,绿色, AB同杯80/36
2020-11-02 13:38:14,绿色, 85C/38
2021-01-03 10:44:12,绿色, AB同杯80/36
2021-01-04 10:34:07,绿色, AB同杯80/36
2020-06-07 12:21:09,绿色, AB同杯80/36
2019-09-17 14:32:53,绿色, AB同杯80/36
2019-09-17 15:51:14,绿色, AB同杯80/36
2020-06-02 18:10:18,绿色, AB同杯80/36
2019-09-15 09:38:19,绿色, AB同杯80/36
2020-06-07 12:33:58,绿色, AB同杯80/36
2019-09-22 09:27:59,绿色, AB同杯80/36
2020-11-19 23:32:08,绿色, AB同杯80/36
2019-08-14 17:30:22,绿色, AB同杯80/36
2019-08-03 23:54:56,肤色,80C/36
2019-08-22 20:07:31,绿色, AB同杯80/36
2019-09-15 09:43:48,绿色, AB同杯80/36
2019-09-15 09:30:10,绿色, AB同杯80/36
2020-09-01 23:05:53,绿色, AB同杯80/36
2020-06-08 12:09:10,绿色, AB同杯80/36
2021-01-04 17:35:33,绿色, AB同杯80/36
2019-09-15 09:34:33,绿色, AB同杯80/36
2020-06-18 21:54:06,浅肤,34/75B
2021-01-11 23:37:49,酒红,34/75B
2020-06-08 13:12:13,藕粉,34/75A
2020-06-21 17:23:44,白色,34/75B
2019-11-15 21:41:05,白色,36/80B
2020-08-29 13:40:17,浅肤,36/80B
2019-12-22 23:04:41,淡蓝灰,36/80A
2020-02-29 07:54:52,藕粉,34/75C
2019-12-29 11:09:00,浅肤,36/80B
2020-05-08 19:07:49,淡蓝灰,38/85C
2020-10-03 21:57:39,黑色吊带+黑色背心【两套】,M码=75码/34码
2020-09-21 01:07:15,肤色吊带+肤色吊带【两套】,M码=75码/34码
2020-09-13 11:09:19,黑色吊带款【一套】,XL码=85码/38码
2020-09-25 15:20:29,银灰色吊带+黑色吊带【两套】,L码=80码/36码
2020-10-03 21:23:15,肤色吊带+黑色吊带【两套】,L码=80码/36码
2020-08-01 11:44:52,黑色吊带款【一套】,S码=70码/32码
2020-09-08 18:30:21,肤色吊带+黑色吊带【两套】,M码=75码/34码
2020-09-10 14:55:54,黑色吊带款【一套】,XL码=85码/38码
2020-09-14 11:30:23,肤色吊带款【一套】,S码=70码/32码
2020-11-15 18:44:35,黑色吊带款【一套】,S码=70码/32码
2020-11-13 15:11:19,梦幻黑,38=85B（配内裤）
2020-10-23 19:01:32,墨绿色,34=75B（配内裤）
2020-10-20 18:35:44,墨绿色,34=75B（配内裤）
2020-09-08 16:30:23,墨绿色,34=75B（配内裤）
2020-10-23 18:57:57,墨绿色,34=75B（配内裤）
2020-11-03 00:21:20,墨绿色,34=75B（配内裤）
2020-10-24 22:46:04,墨绿色,34=75B（配内裤）
2020-10-23 17:20:03,墨绿色,34=75B（配内裤）
2020-10-22 17:39:04,墨绿色,34=75B（配内裤）
2020-10-23 20:31:25,墨绿色,34=75B（配内裤）
2020-09-13 16:52:37,墨绿色,34=75B（配内裤）
2020-10-01 21:38:25,墨绿色,34=75B（配内裤）
2020-10-23 19:07:46,墨绿色,34=75B（配内裤）
2020-10-19 17:07:06,墨绿色,34=75B（配内裤）
2020-11-01 18:53:08,墨绿色,34=75B（配内裤）
2020-10-13 17:06:59,墨绿色,34=75B（配内裤）
2020-09-27 21:07:52,墨绿色,34=75B（配内裤）
2020-08-29 17:35:43,墨绿色,34=75B（配内裤）
2020-09-19 14:36:20,墨绿色,34=75B（配内裤）
2020-08-27 19:07:58,墨绿色,34=75B（配内裤）
2020-11-07 21:55:11,墨绿色,34=75B（配内裤）
2020-11-17 14:14:07,墨绿色,34=75B（配内裤）
2020-08-27 18:17:46,墨绿色,34=75B（配内裤）
2020-09-07 18:32:30,墨绿色,34=75B（配内裤）
2020-10-20 18:47:07,墨绿色,34=75B（配内裤）
2020-09-27 21:10:17,墨绿色,34=75B（配内裤）
2020-09-17 12:49:23,墨绿色,34=75B（配内裤）
2020-10-19 22:08:55,墨绿色,34=75B（配内裤）
2020-10-07 19:59:48,墨绿色,34=75B（配内裤）
2020-09-01 17:02:53,墨绿色,34=75B（配内裤）
2020-09-18 19:39:40,墨绿色,34=75B（配内裤）
2020-10-20 18:42:21,墨绿色,34=75B（配内裤）
2020-11-03 17:17:53,墨绿色,34=75B（配内裤）
2020-08-26 19:04:15,墨绿色,34=75B（配内裤）
2020-10-19 22:07:33,墨绿色,34=75B（配内裤）
2020-11-17 14:21:44,墨绿色,34=75B（配内裤）
2020-11-25 20:38:37,墨绿色,34=75B（配内裤）
2020-08-29 18:56:30,墨绿色,34=75B（配内裤）
2020-10-29 02:24:22,墨绿色,34=75B（配内裤）
2020-09-08 16:49:31,墨绿色,34=75B（配内裤）
2020-10-26 07:16:24,大肩带-灰色,XL（建议135-150斤 85ABC）
2020-10-11 10:04:15,大肩带-肤色,XL（建议135-150斤 85ABC）
2020-10-25 17:44:57,大肩带-紫色,XL（建议135-150斤 85ABC）
2020-09-19 13:17:38,大肩带-姜黄色,L(适合120-135斤 80ABC)
2020-10-12 18:06:39,大肩带-姜黄色,XL（建议135-150斤 85ABC）
2020-11-03 12:50:07,大肩带-姜黄色,S（建议100斤以下 70ABC）
2021-01-16 23:25:53,橄榄黄,L（建议120-130斤 80ABC）
2020-10-04 13:44:11,大肩带-紫色,M（建议100-120斤 75ABC）
2020-10-28 08:06:15,大肩带-姜黄色,XXL（建议150-170斤 90ABC 95B）
2020-11-03 08:52:58,大肩带-粉色,S（建议100斤以下 70ABC）
2020-12-23 19:30:12,赫蓝记忆软钢圈夹棉薄款,75C
2020-05-27 13:50:25,玉石绿记忆软钢圈夹棉薄款,75C
2020-06-15 11:37:46,赫蓝无钢圈聚拢厚款,70A
2019-12-16 09:54:40,赫蓝无钢圈聚拢厚款,75B
2019-12-06 10:08:54,玉石绿无钢圈聚拢厚款,75B
2020-03-18 09:23:47,玉石绿记忆软钢圈夹棉薄款,70C
2021-01-19 09:58:16,粉玉肤无钢圈聚拢厚款,75B
2019-09-30 18:59:32,粉玉肤记忆软钢圈夹棉薄款,75C
2019-09-19 15:54:57,粉玉肤记忆软钢圈夹棉薄款,75C
2020-03-21 09:59:03,赫蓝无钢圈聚拢厚款,80B
2019-09-02 15:41:43,粉玉肤无钢圈聚拢厚款,75B
2019-09-24 11:46:25,大红无钢圈聚拢厚款,75C
2020-11-13 06:29:24,赫蓝记忆软钢圈夹棉薄款,80C
2020-10-16 19:10:31,粉玉肤无钢圈聚拢厚款,75B
2019-11-25 13:51:53,玉石绿无钢圈聚拢厚款,75B
2020-06-22 09:42:13,粉玉肤无钢圈聚拢厚款,75A
2019-10-18 17:05:38,赫蓝无钢圈聚拢厚款,75B
2019-12-25 16:22:07,粉玉肤无钢圈聚拢厚款,80B
2020-03-16 13:55:04,粉玉肤无钢圈聚拢厚款,85C
2021-01-03 09:01:19,粉玉肤无钢圈聚拢厚款,75B
2020-12-22 23:54:22,赫蓝无钢圈聚拢厚款,75B
2020-11-07 18:19:07,粉玉肤无钢圈聚拢厚款,75B
2020-12-09 19:59:23,赫蓝无钢圈聚拢厚款,75B
2020-10-12 19:59:41,粉玉肤无钢圈聚拢厚款,75B
2020-10-17 23:33:41,粉玉肤无钢圈聚拢厚款,75B
2019-10-25 14:32:07,粉玉肤无钢圈聚拢厚款,85C
2020-10-10 21:46:29,粉玉肤无钢圈聚拢厚款,75B
2020-06-08 14:35:34,粉玉肤无钢圈聚拢厚款,80C
2019-11-05 10:09:18,粉玉肤无钢圈聚拢厚款,80B
2021-01-11 14:53:32,粉玉肤无钢圈聚拢厚款,75B
2020-12-14 23:20:21,粉玉肤无钢圈聚拢厚款,75B
2021-01-08 17:26:13,粉玉肤无钢圈聚拢厚款,75B
2020-10-14 20:26:00,粉玉肤无钢圈聚拢厚款,75B
2020-10-12 20:04:03,粉玉肤无钢圈聚拢厚款,75B
2021-01-13 16:33:19,粉玉肤无钢圈聚拢厚款,75B
2020-10-13 20:06:18,粉玉肤无钢圈聚拢厚款,75B
2020-10-12 20:13:56,粉玉肤无钢圈聚拢厚款,75B
2020-10-12 20:05:39,粉玉肤无钢圈聚拢厚款,75B
2020-12-25 02:43:28,赫蓝无钢圈聚拢厚款,75B
2020-10-15 03:06:39,粉玉肤无钢圈聚拢厚款,75B
2020-12-18 01:35:25,粉玉肤无钢圈聚拢厚款,75B
2020-12-31 21:33:38,赫蓝无钢圈聚拢厚款,75B
2020-12-08 23:07:50,赫蓝无钢圈聚拢厚款,75B
2020-11-15 15:43:15,粉玉肤无钢圈聚拢厚款,75B
2020-12-14 23:16:16,粉玉肤无钢圈聚拢厚款,75B
2020-12-30 00:42:47,赫蓝无钢圈聚拢厚款,75B
2021-01-01 22:47:18,赫蓝无钢圈聚拢厚款,75B
2020-04-14 11:05:38,粉玉肤无钢圈聚拢厚款,70B
2020-12-08 23:12:56,粉玉肤无钢圈聚拢厚款,75B
2020-12-25 02:39:32,赫蓝无钢圈聚拢厚款,75B
2021-01-10 14:52:08,粉玉肤无钢圈聚拢厚款,75B
2020-12-13 18:28:06,赫蓝无钢圈聚拢厚款,75B
2020-04-24 13:59:33,粉玉肤无钢圈聚拢厚款,80B
2020-12-10 18:56:09,粉玉肤无钢圈聚拢厚款,75B
2020-12-10 18:55:14,赫蓝无钢圈聚拢厚款,75B
2020-06-22 09:39:14,赫蓝无钢圈聚拢厚款,75A
2020-06-11 00:20:39,赫蓝无钢圈聚拢厚款,75B
2020-06-22 10:56:55,赫蓝无钢圈聚拢厚款,75B
2020-12-22 11:51:16,粉玉肤无钢圈聚拢厚款,75B
2020-12-15 08:54:34,赫蓝无钢圈聚拢厚款,75B
2021-01-07 16:22:36,粉玉肤无钢圈聚拢厚款,75B
2021-01-13 14:36:39,粉玉肤无钢圈聚拢厚款,75B
2021-01-21 10:24:33,粉玉肤无钢圈聚拢厚款,75B
2020-12-06 00:35:26,粉玉肤无钢圈聚拢厚款,75B
2020-12-12 16:34:48,粉玉肤无钢圈聚拢厚款,75B
2020-12-25 11:16:40,粉玉肤无钢圈聚拢厚款,75B
2020-12-24 02:40:22,赫蓝无钢圈聚拢厚款,75B
2020-12-19 09:18:00,粉玉肤无钢圈聚拢厚款,75B
2020-12-31 20:09:19,粉玉肤无钢圈聚拢厚款,75B
2020-12-03 23:51:47,粉玉肤无钢圈聚拢厚款,75B
2021-01-12 02:02:15,粉玉肤无钢圈聚拢厚款,75B
2020-12-16 09:09:30,粉玉肤无钢圈聚拢厚款,75B
2020-12-11 05:30:20,赫蓝无钢圈聚拢厚款,75B
2021-01-10 02:05:59,粉玉肤无钢圈聚拢厚款,75B
2020-12-14 23:41:14,粉玉肤无钢圈聚拢厚款,75B
2020-12-18 20:51:57,粉玉肤无钢圈聚拢厚款,75B
2019-10-10 10:32:24,粉玉肤记忆软钢圈夹棉薄款,85C
2020-12-21 18:48:43,赫蓝无钢圈聚拢厚款,75B
2021-01-02 16:28:01,赫蓝无钢圈聚拢厚款,75B
2021-01-10 14:56:50,粉玉肤无钢圈聚拢厚款,75B
2020-06-01 10:22:31,粉玉肤无钢圈聚拢厚款,80C
2021-01-07 02:00:27,粉玉肤无钢圈聚拢厚款,75B
2020-12-08 01:41:38,粉玉肤无钢圈聚拢厚款,75B
2021-01-10 05:26:17,赫蓝无钢圈聚拢厚款,75B
2021-01-06 07:54:21,赫蓝无钢圈聚拢厚款,75B
2020-12-07 04:56:30,赫蓝无钢圈聚拢厚款,75B
2020-10-11 21:54:16,粉玉肤无钢圈聚拢厚款,75B
2020-12-25 11:20:02,粉玉肤无钢圈聚拢厚款,75B
2020-06-22 13:11:51,粉玉肤无钢圈聚拢厚款,90B
2020-12-22 04:24:20,赫蓝无钢圈聚拢厚款,75B
2020-10-14 20:24:37,粉玉肤无钢圈聚拢厚款,75B
2020-12-07 04:57:22,粉玉肤无钢圈聚拢厚款,75B
2021-01-04 09:52:52,粉玉肤无钢圈聚拢厚款,75B
2020-12-13 18:36:55,粉玉肤无钢圈聚拢厚款,75B
2021-01-10 14:46:21,赫蓝无钢圈聚拢厚款,75B
2020-12-18 08:27:28,赫蓝无钢圈聚拢厚款,75B
2020-12-21 00:09:18,赫蓝无钢圈聚拢厚款,75B
2020-04-10 16:33:20,粉玉肤无钢圈聚拢厚款,70A
2020-05-27 16:48:16,粉玉肤无钢圈聚拢厚款,75A
2021-01-19 07:32:33,粉玉肤无钢圈聚拢厚款,75B
2020-05-27 13:14:27,紫色,75B
2020-11-13 09:41:15,红色,85A
2020-11-13 09:52:36,黑色,85A
2021-01-10 15:35:41,红色,75B
2020-05-27 13:16:10,黑色,75B
2020-06-17 14:46:01,浅粉,70B
2020-04-02 09:42:31,红色,75A
2020-05-16 09:06:51,浅粉,75A
2019-12-28 19:09:43,紫色,75A
2020-09-10 18:12:55,浅粉,80A
2019-06-13 07:29:40,绿色,80B
2020-07-07 08:04:35,紫色,75B
2020-04-07 11:55:07,红色,70A
2019-06-13 07:30:44,黑色,80B
2020-09-19 12:21:27,浅粉,85A
2020-09-13 01:01:46,黑色,75A
2020-03-22 11:09:28,浅粉,70B
2020-12-02 22:21:25,红色,80B
2020-10-11 12:56:39,紫色,75B
2020-09-24 19:23:47,紫色,80B
2020-10-05 13:06:12,紫色,80B
2020-09-24 19:22:08,红色,80B
2020-04-25 10:49:08,浅粉,75B
2021-01-07 23:36:55,紫色,75B
2020-04-26 16:54:59,蓝色,80A
2020-05-27 15:17:55,紫色,85B
2020-11-13 09:53:17,紫色,85A
2019-11-10 15:10:35,紫色,80B
2020-09-15 22:40:29,红色,75B
2020-06-06 11:28:57,紫色,75A
2020-02-20 22:40:38,紫色,75B
2020-06-17 14:46:16,绿色,70B
2020-11-17 10:05:25,蓝色,75B
2020-02-16 15:21:35,浅粉,75A
2020-05-18 13:17:55,红色,75A
2020-10-14 09:21:44,黑色,75B
2019-12-11 14:31:30,黑色,85A
2019-08-07 22:55:48,黑色,75B
2020-12-14 22:28:03,紫色,70A
2020-04-25 10:48:29,红色,75B
